1452800269122,8.42759,0.8810662,4.381389
1452800269122,8.844181,0.89064306,4.367024
1452800269123,-1.3838485,4.3047748,8.360553
1452800269154,0.0,5.2049947,8.6334915
1452800269155,-0.56982,4.6160207,8.973468
1452800269176,-1.0726024,4.050989,8.719683
1452800269215,-1.0534488,4.3718123,8.106767
1452800269216,-1.2880806,4.027047,8.317456
1452800269242,-1.340753,4.0462008,8.523358
1452800269255,-1.1348516,4.1036615,8.480263
1452800269292,-1.0726024,4.084508,8.475474
1452800269293,-1.3072342,4.0222588,8.671799
1452800269324,-1.1731589,4.0078936,8.561666
1452800269340,-1.4460979,3.9025488,8.719683
1452800269358,-1.3072342,3.9121256,8.805874
1452800269376,-1.2258313,3.9504328,8.63828
1452800269395,-1.1348516,4.271256,8.513782
1452800269426,-1.2401965,4.1371803,8.346188
1452800269433,-1.043872,4.247314,8.389283
1452800269462,-0.90979666,4.5441947,8.327033
1452800269506,-0.4213795,4.6399627,7.905654
1452800269507,0.04309563,4.7022123,7.2592196
1452800269531,0.4357447,4.5154643,6.1866174
1452800269533,0.45968673,4.9895163,5.631162
1452800269551,0.31124622,4.8602295,4.984728
1452800269578,1.0342951,5.0996494,3.6535518
1452800269609,1.4700398,4.036624,1.6998832
1452800269612,2.3798366,2.0638018,1.9871874
1452800269638,1.7381904,1.9728222,3.7253778
1452800269654,-0.20590134,3.4620156,2.5570073
1452800269677,0.076614454,2.2697031,2.3127987
1452800269701,0.6751649,1.6041151,1.7381904
1452800269712,1.5658079,0.78050977,2.2026656
1452800269734,2.0254946,-0.39743748,2.8682537
1452800269752,2.528277,-1.8100165,3.3039982
1452800269777,2.7820623,-2.60968,5.2002063
1452800269792,3.1555579,-5.00867,7.8290396
1452800269816,3.9456444,-6.540959,10.0987425
1452800269837,5.2002063,-8.389283,12.804191
1452800269859,6.0860605,-9.303867,16.361975
1452800269873,6.6415157,-10.012551,20.087353
1452800269898,7.3071036,-11.535264,24.569298
1452800269922,7.177817,-12.08593,28.864496
1452800269934,4.8506527,-8.939949,29.190107
1452800269953,3.347094,-6.5744777,26.230873
1452800269974,2.27928,-2.8921957,24.885332
1452800269996,4.189853,-4.7070007,24.133553
1452800270013,5.434838,-5.1666875,22.026655
1452800270037,5.554548,-4.55856,20.001162
1452800270060,5.899313,-4.0318356,18.018763
1452800270081,6.2632318,-3.5434184,16.40507
1452800270093,6.4068837,-2.7485435,15.437813
1452800270112,5.707777,-1.340753,14.542381
1452800270137,4.721366,-0.05746084,13.460202
1452800270174,4.721366,-0.05746084,13.460202
1452800270176,3.0119057,0.37828386,12.617443
1452800270196,3.0119057,0.37828386,12.617443
1452800270217,2.006341,1.733402,11.640609
1452800270231,2.006341,1.733402,11.640609
1452800270262,1.9967642,0.5602432,11.166556
1452800270285,1.5801731,-1.7190368,9.639056
1452800270302,2.3127987,-3.347094,8.686164
1452800270337,3.0885203,-3.1507695,8.322245
1452800270338,2.6910827,-3.3758245,8.422802
1452800270354,2.1643584,-4.0174704,8.379706
1452800270385,2.753332,-4.6351743,8.288726
1452800270414,3.8833952,-5.171476,8.978256
1452800270415,4.0940847,-5.5018754,7.809886
1452800270446,4.003105,-4.8937483,5.779603
1452800270455,3.8019924,-3.7924154,5.185841
1452800270474,2.8203697,-2.5953147,5.7029886
1452800270504,2.566584,-2.5378537,5.837064
1452800270514,3.4380736,-4.865018,5.9807158
1452800270535,5.070919,-6.3685765,6.3925185
1452800270554,6.2728086,-5.9567738,6.5122285
1452800270576,6.14831,-4.309563,7.043741
1452800270593,5.5737014,-2.1883004,8.149862
1452800270618,5.6646814,-1.412579,9.006987
1452800270639,6.009446,-1.2593501,9.988609
1452800270661,6.4882865,-0.8523358,10.563218
1452800270674,6.8761473,-0.82360536,10.941502
1452800270695,6.799533,-0.7661445,12.200851
1452800270712,6.445191,-1.2785037,12.919112
1452800270736,5.8801594,-1.3024458,12.971785
1452800270759,5.3342814,-1.3024458,13.22557
1452800270789,5.243302,-1.1492168,13.64695
1452800270792,5.291186,-0.37349546,14.192827
1452800270815,6.50744,0.0,14.777013
1452800270833,7.680599,0.18674773,15.275007
1452800270854,8.552089,0.34955344,16.19438
1452800270879,9.710882,0.45010993,17.070658
1452800270900,10.491392,-0.22505496,17.353174
1452800270914,10.084377,-1.292869,16.893488
1452800270939,8.0445175,-0.6895301,15.538369
1452800270963,6.631939,0.41180268,14.408306
1452800270981,6.5505357,0.8475474,13.374011
1452800270996,6.1004257,0.46926352,11.971008
1452800271018,5.2768207,1.4891934,10.271125
1452800271039,4.5298295,2.954445,8.968679
1452800271057,4.003105,2.4851813,7.8625584
1452800271075,3.2225955,1.3024458,6.6510925
1452800271108,2.8443117,0.45010993,5.717354
1452800271114,2.7006595,0.60812724,5.363012
1452800271144,2.0685902,1.5897499,4.951209
1452800271153,1.5514427,2.5474305,4.453215
1452800271177,1.0630256,3.1507695,3.5625722
1452800271203,0.81881696,2.791639,2.791639
1452800271215,0.78050977,2.0733786,2.2266076
1452800271233,0.90979666,0.9911995,1.9297266
1452800271262,1.2354081,0.5410896,1.70946
1452800271274,1.6903064,0.17717093,1.5370775
1452800271297,1.8339585,-0.08140286,1.9871874
1452800271323,1.8387469,-0.770933,1.9153614
1452800271348,1.6424223,-1.532289,2.4420857
1452800271355,1.2880806,-1.6903064,2.7341783
1452800271376,1.4748282,-1.6136919,2.8778305
1452800271399,2.0111294,-1.8770541,3.8259344
1452800271428,2.4420857,-2.7389667,5.195418
1452800271434,3.5865142,-4.0940847,7.479486
1452800271456,5.401319,-5.4444146,10.505757
1452800271477,7.0581064,-6.4739213,13.551182
1452800271497,8.590396,-7.0485296,17.18558
1452800271513,10.352529,-7.3166804,20.058622
1452800271535,12.694057,-8.360553,23.93244
1452800271563,14.346057,-9.581595,27.471071
1452800271588,14.159308,-9.193734,29.467834
1452800271595,12.880805,-6.7708025,30.090326
1452800271616,11.827356,-3.9935284,29.257145
1452800271633,11.827356,-3.9935284,29.257145
1452800271663,10.960655,0.23463176,24.463953
1452800271674,10.960655,0.23463176,24.463953
1452800271696,8.293514,2.4995465,16.610971
1452800271714,8.293514,2.4995465,16.610971
1452800271736,7.350199,2.8299465,13.426683
1452800271754,6.5696893,2.3750482,10.864887
1452800271776,5.8322754,2.2505496,9.193734
1452800271804,5.521029,1.9057846,8.413225
1452800271816,5.511452,1.5753847,7.9487495
1452800271834,5.133168,1.1061212,7.560889
1452800271860,4.3957543,0.61770403,7.699753
1452800271886,3.7541082,0.79008657,7.8769236
1452800271896,3.5290532,2.4229321,8.805874
1452800271915,3.596091,3.9264908,9.11712
1452800271936,3.739743,5.2480903,9.3421755
1452800271965,4.0222588,6.301539,10.012551
1452800271979,4.606444,6.6989765,10.783484
1452800271997,5.5401826,6.2105594,11.765107
1452800272026,6.244078,4.5633483,12.799402
1452800272034,6.8809357,2.542642,14.178462
1452800272058,7.369353,0.92416185,15.562311
1452800272076,7.920019,-0.11492168,17.099388
1452800272116,8.7771435,-1.4748282,18.521544
1452800272117,9.988609,-1.9680338,20.06341
1452800272144,10.515334,-3.074155,21.136013
1452800272167,10.802638,-3.8642416,21.159954
1452800272175,10.7356,-5.171476,21.988348
1452800272194,11.554418,-6.220136,22.840685
1452800272219,12.315774,-6.6750345,23.654713
1452800272245,12.229582,-8.078036,24.401703
1452800272264,10.635044,-7.393295,22.88378
1452800272274,9.32781,-6.8091097,21.509508
1452800272297,8.331821,-5.506664,19.938911
1452800272315,7.264008,-4.7644615,18.32522
1452800272345,6.38773,-4.721366,17.27177
1452800272371,5.544971,-4.865018,16.07467
1452800272375,4.237737,-4.644751,14.101848
1452800272409,3.0789435,-5.1571107,12.315774
1452800272416,2.2984335,-5.5258174,10.730812
1452800272434,2.4947581,-6.1770406,8.154651
1452800272458,1.6472107,-6.847417,5.3247046
1452800272481,1.0055647,-5.9567738,3.5290532
1452800272503,0.59376204,-4.295198,3.2130187
1452800272515,0.31124622,-3.3087866,2.480393
1452800272544,0.15801731,-3.4763808,1.340753
1452800272559,0.10055647,-4.6399627,0.7134721
1452800272577,0.6512229,-5.6646814,0.80924016
1452800272601,1.1109096,-5.851429,1.3311762
1452800272628,1.1875241,-5.707777,2.1212628
1452800272636,1.508347,-5.78918,4.486734
1452800272662,1.9440918,-6.3206925,6.7324953
1452800272675,2.858677,-7.445967,9.222465
1452800272697,3.4237084,-7.6135616,11.453861
1452800272720,4.4005427,-7.675811,13.297397
1452800272748,5.9424086,-7.2065473,15.495274
1452800272757,8.695741,-7.144298,18.416199
1452800272782,12.023681,-7.16824,21.059399
1452800272797,13.613431,-8.078036,22.73534
1452800272816,13.31655,-9.255983,24.765623
1452800272839,12.459426,-9.830592,27.485435
1452800272862,12.042834,-8.149862,28.725632
1452800272877,12.454638,-6.50744,28.696901
1452800272901,12.593501,-4.855441,27.753586
1452800272927,12.29662,-3.1555579,26.12074
1452800272946,12.071565,-1.0199299,25.177425
1452800272956,11.616667,1.388637,23.367409
1452800272977,10.433931,2.5474305,20.781672
1452800273001,9.016563,2.1978772,17.45373
1452800273031,7.73806,1.4269443,15.073894
1452800273038,6.7803793,1.3359646,13.517663
1452800273057,5.884948,1.7238252,11.947066
1452800273086,4.951209,2.5378537,10.716447
1452800273096,4.256891,2.825158,9.859323
1452800273121,4.256891,2.825158,9.859323
1452800273150,3.7493198,3.3183637,9.883265
1452800273157,3.7493198,3.3183637,9.883265
1452800273177,4.012682,5.9759274,12.076353
1452800273198,4.012682,5.9759274,12.076353
1452800273219,4.1802764,7.489063,13.656527
1452800273236,4.280833,8.791509,15.140931
1452800273256,4.2521024,7.771579,16.294937
1452800273285,4.841076,4.0462008,17.233463
1452800273312,6.3350577,0.9864111,18.411411
1452800273317,8.322245,-1.1204864,20.087353
1452800273342,10.232818,-2.9975405,21.097706
1452800273355,11.310209,-4.7788267,21.705833
1452800273378,11.544841,-6.2823853,23.348255
1452800273419,11.650186,-7.5561004,24.674643
1452800273420,11.674128,-8.542512,25.7664
1452800273437,10.898406,-8.925584,26.283546
1452800273463,10.070012,-7.9583263,24.947582
1452800273476,9.203311,-7.541735,22.922087
1452800273499,8.264784,-7.795521,20.748152
1452800273522,8.130709,-7.608773,18.80885
1452800273544,7.6949644,-6.95755,17.195156
1452800273557,7.1347213,-6.1243677,16.170439
1452800273583,6.1530986,-5.4683566,14.676456
1452800273596,5.0661306,-4.721366,13.177686
1452800273618,3.6774938,-4.060566,11.731588
1452800273641,2.585738,-3.490746,10.486604
1452800273663,1.8387469,-3.3087866,9.672575
1452800273677,0.79966336,-4.31914,8.063671
1452800273698,-0.3878607,-5.793968,5.9424086
1452800273726,-1.3120226,-6.8186865,4.5777135
1452800273738,-1.5227122,-6.9862804,3.7205894
1452800273757,-0.9911995,-6.8330517,3.7445314
1452800273778,-0.5315128,-6.469133,4.486734
1452800273799,-0.40701428,-5.9184666,4.912902
1452800273817,0.40701428,-5.391742,6.646304
1452800273842,1.6663644,-4.7165775,7.3071036
1452800273859,2.8538885,-4.8123455,8.446744
1452800273884,4.003105,-5.185841,9.653421
1452800273897,4.9703627,-5.693412,11.382035
1452800273916,6.4739213,-6.157887,13.28782
1452800273940,7.929596,-6.5936313,15.203181
1452800273970,8.465898,-6.3589997,16.7642
1452800273977,8.8777,-6.196194,18.162415
1452800274000,8.8777,-5.9424086,18.928558
1452800274025,9.251195,-5.559336,19.742588
1452800274036,9.725247,-5.3486466,20.791248
1452800274059,10.041282,-4.9655743,21.969194
1452800274094,10.041282,-4.185065,22.606052
1452800274097,9.892841,-3.2273839,22.874203
1452800274126,10.0029745,-2.1212628,22.725763
1452800274137,9.907207,-0.78529817,22.290018
1452800274157,9.696517,0.51235914,21.193474
1452800274181,8.8777,2.006341,19.464859
1452800274206,8.255207,2.9592333,17.45373
1452800274229,7.7811556,2.7485435,15.7825775
1452800274236,7.776367,2.4037786,14.274231
1452800274266,7.7332716,2.231396,13.163321
1452800274279,7.5082164,2.3654714,12.26789
1452800274297,7.2304893,2.9831753,11.631032
1452800274331,6.8905125,4.295198,11.611878
1452800274338,6.6893997,5.5497594,12.095507
1452800274366,6.8569937,6.5984197,12.928689
1452800274380,7.101202,7.3885064,13.900735
1452800274396,6.6846113,6.670246,14.211981
1452800274426,6.679823,4.6255975,13.876793
1452800274437,7.240066,2.111686,14.087482
1452800274459,8.1402855,0.35434186,15.1696615
1452800274477,9.3182335,-0.9768343,16.927006
1452800274499,10.0269165,-2.3798366,18.909405
1452800274517,10.553641,-3.265691,20.90138
1452800274539,10.7116585,-4.0174704,22.510284
1452800274562,10.46745,-4.663905,23.305159
1452800274580,9.255983,-4.999093,22.898146
1452800274597,9.255983,-4.999093,22.898146
1452800274618,8.073248,-6.5457473,20.66196
1452800274637,8.073248,-6.5457473,20.66196
1452800274658,7.0820484,-6.7564373,17.27177
1452800274683,7.0820484,-6.7564373,17.27177
1452800274710,6.531382,-6.133945,15.844827
1452800274717,5.9807158,-5.415684,14.528016
1452800274742,5.329493,-4.7979803,13.40753
1452800274767,4.2999864,-4.0653543,12.454638
1452800274778,3.3997664,-3.9312792,12.028469
1452800274798,2.2266076,-4.6016555,10.979809
1452800274827,1.340753,-5.4061074,9.911995
1452800274837,-0.033518825,-6.0477533,9.303867
1452800274864,-0.4165911,-6.7612257,8.154651
1452800274887,-0.5506664,-7.393295,7.422025
1452800274908,-0.7326257,-7.2209125,6.71813
1452800274917,0.6512229,-7.192182,6.517017
1452800274939,1.7286136,-7.551312,6.799533
1452800274963,2.5091233,-7.9008656,7.369353
1452800275003,3.371036,-7.335834,8.197746
1452800275004,4.0940847,-6.191406,9.11712
1452800275023,5.473145,-5.5880666,10.563218
1452800275048,6.789956,-5.5162406,12.0332575
1452800275058,7.431602,-5.707777,13.029245
1452800275078,8.0445175,-5.554548,14.293385
1452800275102,8.379706,-5.3582234,16.065094
1452800275129,8.346188,-4.462792,17.520767
1452800275150,8.336611,-3.9264908,18.363527
1452800275157,8.145074,-3.5242648,19.292477
1452800275185,8.532935,-3.169923,20.049046
1452800275197,8.963891,-2.1930888,20.326773
1452800275221,9.624691,-1.3120226,20.791248
1452800275245,9.701305,-0.07182605,20.580557
1452800275262,9.509769,0.7517793,20.058622
1452800275281,9.476251,1.6232687,19.464859
1452800275299,9.14585,2.8107927,18.243816
1452800275322,8.422802,3.86903,16.577452
1452800275358,7.704541,4.285621,15.035586
1452800275359,7.240066,3.821146,13.52724
1452800275382,6.9767036,3.3423057,12.397177
1452800275406,6.8809357,3.6966474,11.554418
1452800275419,6.694188,4.2999864,10.94629
1452800275442,6.445191,5.506664,11.36767
1452800275467,6.2823853,5.9998693,12.076353
1452800275478,6.1866174,6.0764837,12.612655
1452800275501,5.889736,5.3247046,13.139379
1452800275521,5.9519854,3.6966474,13.091495
1452800275539,6.531382,2.303222,13.283031
1452800275561,7.1251445,1.1587936,14.590265
1452800275586,8.1163435,-0.095768064,16.290148
1452800275607,9.232041,-1.364695,18.440142
1452800275628,9.797073,-2.327164,20.231005
1452800275639,9.883265,-2.873042,21.107283
1452800275664,9.332599,-3.2034419,21.38022
1452800275688,8.686164,-3.715801,21.313183
1452800275699,8.274361,-4.5394063,20.819979
1452800275719,8.178593,-5.5018754,19.977219
1452800275739,7.9631147,-6.0046577,19.033903
1452800275761,7.359776,-6.291962,17.81765
1452800275789,6.6654577,-6.196194,16.749836
1452800275802,5.9567738,-5.731719,15.160085
1452800275824,5.0996494,-5.3007627,13.632585
1452800275853,3.9743748,-4.7022123,12.167333
1452800275859,2.992752,-4.2904096,11.133038
1452800275880,1.9440918,-4.5633483,9.557653
1452800275903,0.92416185,-5.6790466,7.785944
1452800275937,0.2633622,-6.967127,6.967127
1452800275939,0.80445176,-6.943185,6.8522053
1452800275971,1.364695,-6.799533,6.943185
1452800275981,1.2306197,-7.2448545,6.0716953
1452800275999,0.9720459,-8.030152,5.243302
1452800276024,1.5945383,-8.054094,6.3350577
1452800276051,2.7150247,-6.9623384,8.111555
1452800276060,3.1890767,-5.9807158,9.294291
1452800276081,3.1890767,-5.9807158,9.294291
1452800276102,4.084508,-5.9280434,10.400413
1452800276118,4.084508,-5.9280434,10.400413
1452800276150,7.0102224,-5.233725,13.498509
1452800276159,7.0102224,-5.233725,13.498509
1452800276184,8.341399,-5.0517654,14.882358
1452800276207,8.446744,-4.7788267,15.935806
1452800276221,8.365341,-4.5872903,16.94616
1452800276244,8.240842,-4.2042184,17.654844
1452800276271,8.374918,-3.9217024,18.004396
1452800276289,8.63828,-3.53863,18.713081
1452800276307,9.390059,-3.016694,19.670761
1452800276320,9.725247,-1.8387469,19.843143
1452800276341,9.715671,-0.59376204,19.536686
1452800276359,9.576807,0.9864111,18.737022
1452800276382,9.346964,2.6910827,17.362751
1452800276405,8.872911,3.7924154,15.883134
1452800276426,8.09719,4.5633483,14.671668
1452800276440,7.5321584,4.548983,13.64695
1452800276460,7.2831616,3.41892,13.019669
1452800276490,7.383718,2.5234885,12.334928
1452800276501,7.455544,2.7246015,11.789049
1452800276520,7.2544312,3.1794999,11.358093
1452800276541,6.71813,4.357447,11.343728
1452800276563,6.315904,5.0134583,11.707646
1452800276581,6.14831,5.315128,12.603078
1452800276603,6.2728086,5.2768207,13.421895
1452800276626,6.445191,4.414908,13.9151
1452800276648,6.7372837,3.169923,14.101848
1452800276665,7.0485296,1.6759412,14.891934
1452800276680,7.6470804,0.05267244,16.452953
1452800276705,8.327033,-1.0773908,17.942148
1452800276729,9.054871,-2.3319526,19.498379
1452800276750,9.332599,-3.217807,20.427328
1452800276761,9.155427,-3.6296098,21.078552
1452800276780,8.250419,-3.8881836,20.499155
1452800276812,7.469909,-4.2904096,20.42254
1452800276824,7.0964136,-4.8841715,19.785683
1452800276852,7.2592196,-5.511452,18.918982
1452800276861,6.8809357,-5.8562174,17.894264
1452800276883,5.899313,-5.8705826,16.596605
1452800276904,5.2720323,-5.602432,15.227123
1452800276919,4.4340615,-5.315128,13.565547
1452800276940,3.5338416,-5.195418,12.224793
1452800276970,2.3750482,-4.855441,11.075577
1452800276981,1.6472107,-4.7070007,9.639056
1452800277001,0.58418524,-5.00867,7.5704656
1452800277023,0.36391866,-5.650316,6.196194
1452800277041,1.0103531,-6.3063273,5.6551046
1452800277070,1.3215994,-7.1107793,5.410896
1452800277081,1.2306197,-7.4268136,5.0421886
1452800277102,1.0534488,-7.7332716,4.912902
1452800277121,1.3790601,-7.714118,5.913678
1452800277147,1.8818425,-7.2209125,6.646304
1452800277160,2.4372973,-7.0820484,7.3071036
1452800277184,2.834735,-6.871359,8.322245
1452800277207,3.3854012,-6.4260373,10.103531
1452800277228,4.3239284,-6.1530986,12.066776
1452800277239,5.329493,-5.9184666,13.958196
1452800277267,6.622362,-5.837064,15.614984
1452800277279,7.345411,-5.410896,16.989256
1452800277301,7.747637,-5.0374002,17.731459
1452800277329,7.517793,-4.759673,17.999609
1452800277351,7.101202,-4.3957543,18.301277
1452800277360,6.8426285,-3.86903,18.646044
1452800277381,6.9862804,-2.96881,18.540697
1452800277404,7.0964136,-2.4660277,18.799273
1452800277430,7.398083,-1.8962077,18.909405
1452800277450,7.85777,-1.163582,19.10573
1452800277462,8.355764,-0.16280572,18.818426
1452800277480,7.9726915,1.0534488,17.693151
1452800277501,7.608773,2.2361844,16.333244
1452800277530,6.9000893,3.1124623,14.925453
1452800277542,6.3925185,3.3901896,13.484144
1452800277568,6.3925185,3.3901896,13.484144
1452800277596,5.9663506,2.6240451,11.899182
1452800277600,5.9663506,2.6240451,11.899182
1452800277626,6.3206925,2.6719291,12.023681
1452800277653,6.3206925,2.6719291,12.023681
1452800277677,6.14831,3.4620156,12.459426
1452800277680,5.731719,4.271256,12.818556
1452800277702,5.650316,5.080496,13.40753
1452800277723,5.6551046,5.3821654,14.384364
1452800277752,5.9424086,4.4723687,14.676456
1452800277774,6.042965,2.7150247,14.33648
1452800277782,6.3685765,1.1875241,14.365211
1452800277804,6.6079965,-0.10055647,15.035586
1452800277831,7.240066,-1.1492168,16.333244
1452800277841,7.714118,-1.9967642,18.373104
1452800277865,8.058883,-2.0733786,20.33635
1452800277891,8.0924015,-2.360683,21.95483
1452800277902,7.9487495,-2.8538885,22.16552
1452800277924,7.752425,-3.7684734,21.68668
1452800277944,7.441179,-4.4580035,20.547039
1452800277961,6.8522053,-5.023035,19.393034
1452800277982,6.325481,-4.9081135,17.683575
1452800278008,5.7987566,-4.8362875,16.472107
1452800278037,5.171476,-4.8937483,15.184027
1452800278041,4.534618,-4.999093,13.637373
1452800278068,3.53863,-4.7548847,12.325351
1452800278080,2.5713725,-4.817134,11.324574
1452800278104,1.6998832,-5.032612,10.012551
1452800278128,1.1300632,-5.449203,8.441956
1452800278145,0.7469909,-6.0716953,7.2927384
1452800278163,1.2066777,-6.4404025,6.7372837
1452800278183,1.7812861,-6.7564373,6.83784
1452800278201,1.6807296,-6.789956,6.9288197
1452800278234,1.2162545,-6.775591,6.823475
1452800278240,1.6472107,-6.4643445,7.0102224
1452800278263,2.0254946,-6.2632318,6.967127
1452800278281,2.60968,-6.0956373,7.3166804
1452800278303,3.3997664,-6.0525417,7.9391727
1452800278321,4.1276035,-6.2009826,9.097966
1452800278344,4.697424,-6.0142345,10.754754
1452800278368,5.1906295,-5.5641246,12.258312
1452800278402,5.7987566,-5.171476,13.88637
1452800278403,6.727707,-5.056554,15.1936035
1452800278427,7.4507556,-4.697424,16.146496
1452800278455,7.7572136,-4.55856,17.00362
1452800278473,7.7189064,-4.309563,17.492037
1452800278481,7.4842744,-3.9839516,18.138472
1452800278503,8.025364,-3.6008794,18.751389
1452800278525,8.48984,-3.0502129,19.34515
1452800278542,8.992621,-2.327164,19.752165
1452800278569,8.834604,-1.0151415,19.608511
1452800278588,8.820239,0.46447513,19.029116
1452800278610,8.734048,1.8674773,18.148048
1452800278623,8.6095495,2.8874073,16.759413
1452800278643,8.480263,3.6535518,15.524004
1452800278666,7.967903,3.6487634,14.360422
1452800278690,7.302315,3.098097,13.575124
1452800278712,7.0006456,2.480393,12.971785
1452800278722,6.8522053,2.3223755,12.50731
1452800278743,6.9862804,2.801216,12.200851
1452800278763,6.871359,3.7541082,12.071565
1452800278807,6.5936313,4.903325,12.430696
1452800278810,6.3302693,6.0285997,13.330915
1452800278829,6.0525417,6.6654577,13.752295
1452800278849,6.105214,6.2871737,14.202404
1452800278864,6.8091097,4.5681367,14.092271
1452800278882,7.493851,2.681506,14.097059
1452800278912,8.058883,1.1061212,15.059528
1452800278927,8.374918,0.12928689,16.788143
1452800278944,8.7771435,-1.0582372,18.990808
1452800278968,9.045294,-2.3463178,20.887016
1452800278983,8.944737,-3.4811692,22.112846
1452800279001,8.585608,-4.146757,22.486341
1452800279026,7.422025,-4.630386,21.614853
1452800279049,7.422025,-4.630386,21.614853
1452800279070,6.1530986,-5.425261,19.077
1452800279081,6.1530986,-5.425261,19.077
1452800279114,6.325481,-5.779603,16.587029
1452800279122,6.325481,-5.779603,16.587029
1452800279143,5.884948,-5.1666875,15.332468
1452800279170,5.118803,-5.046977,14.188039
1452800279194,4.4580035,-4.8267107,13.177686
1452800279202,3.4284968,-4.5681367,12.483368
1452800279224,2.2266076,-4.146757,11.712435
1452800279242,1.3359646,-3.9312792,10.6398325
1452800279265,0.7422025,-4.711789,9.102755
1452800279291,0.23463176,-5.7269306,7.800309
1452800279309,0.33518824,-6.8186865,6.9623384
1452800279324,0.6655881,-7.383718,6.009446
1452800279344,0.842759,-7.6949644,5.0421886
1452800279376,1.1587936,-7.431602,5.056554
1452800279394,1.8052281,-7.321469,6.483498
1452800279402,2.2026656,-7.5704656,6.9862804
1452800279424,3.0262709,-7.651869,8.049306
1452800279446,3.9456444,-7.4028716,9.356541
1452800279464,4.486734,-6.909666,10.783484
1452800279486,5.0996494,-6.172252,12.6461735
1452800279509,6.0142345,-5.66947,14.346057
1452800279531,6.8905125,-5.4444146,15.710752
1452800279545,7.5225816,-5.104438,16.778566
1452800279563,7.9152308,-5.209783,17.798496
1452800279585,7.929596,-5.171476,18.483236
1452800279605,7.991845,-4.783615,18.885464
1452800279624,8.2169,-3.9504328,19.608511
1452800279654,8.643068,-3.1124623,20.226215
1452800279663,9.208099,-2.0398598,20.642807
1452800279684,9.011775,-0.8379706,19.895817
1452800279707,8.446744,-0.062249243,18.86152
1452800279732,8.231265,0.5793968,18.128895
1452800279745,8.595184,1.1013328,17.463306
1452800279762,8.628703,1.8435353,16.43859
1452800279793,7.9726915,2.9735985,15.480908
1452800279802,7.043741,3.6535518,14.528016
1452800279824,6.363788,3.98874,13.910312
1452800279851,5.8945246,3.8977604,13.215993
1452800279876,5.66947,3.892972,12.741941
1452800279882,5.3725886,4.4723687,12.325351
1452800279906,5.0134583,5.401319,12.181698
1452800279928,4.5058875,5.985504,12.425907
1452800279957,4.429273,6.4260373,12.569559
1452800279963,4.4963107,5.813122,13.163321
1452800279984,5.1810527,4.1371803,13.905523
1452800280017,6.0621185,2.6479871,14.216769
1452800280024,6.8809357,1.3838485,15.442601
1452800280064,7.8290396,0.038307227,17.113754
1452800280066,8.470686,-1.4317327,18.918982
1452800280096,9.016563,-2.5570073,21.092916
1452800280104,9.313444,-3.3758245,22.567745
1452800280132,9.279925,-3.9935284,22.989124
1452800280145,8.628703,-4.0462008,22.658726
1452800280167,8.250419,-4.3957543,22.414516
1452800280193,7.9966335,-4.7979803,21.763294
1452800280210,7.680599,-5.7604494,20.518309
1452800280226,7.8386164,-6.4547677,19.393034
1452800280252,7.513005,-6.517017,17.697939
1452800280264,6.9623384,-6.2632318,16.309301
1452800280287,6.215348,-5.8083334,14.652514
1452800280311,5.0278234,-5.2480903,13.263878
1452800280332,3.715801,-4.7788267,11.908759
1452800280344,2.4756045,-4.189853,10.7356
1452800280363,1.3551182,-4.098873,9.313444
1452800280384,0.9672575,-5.770026,6.991069
1452800280414,1.091756,-7.675811,5.793968
1452800280425,2.1643584,-8.149862,5.0996494
1452800280444,2.0685902,-7.2927384,4.525041
1452800280468,1.508347,-6.6415157,4.673482
1452800280486,1.7190368,-6.885724,4.9703627
1452800280509,2.6431987,-7.1586633,5.0996494
1452800280533,2.6431987,-7.1586633,5.0996494
1452800280554,3.691859,-6.6367273,7.465121
1452800280565,3.691859,-6.6367273,7.465121
1452800280585,4.7788267,-5.6407394,11.003751
1452800280605,4.7788267,-5.6407394,11.003751
1452800280635,5.731719,-5.473145,12.919112
1452800280647,6.4404025,-5.463568,14.791378
1452800280672,6.8569937,-5.2049947,15.873557
1452800280695,7.311892,-5.1906295,16.572664
1452800280707,7.6375036,-5.142745,17.448942
1452800280724,7.8912888,-5.023035,18.061857
1452800280748,8.1642275,-4.644751,18.47366
1452800280771,8.748413,-4.1611223,19.460072
1452800280793,9.332599,-3.3758245,20.168755
1452800280805,9.471462,-2.3558946,20.077776
1452800280826,9.11712,-1.2737153,20.049046
1452800280844,9.097966,-0.39264908,19.388245
1452800280876,8.839393,0.36870706,18.851944
1452800280896,8.494628,1.292869,18.272547
1452800280920,7.9152308,2.2984335,17.022774
1452800280923,6.95755,2.753332,15.8065195
1452800280946,6.1387334,2.3654714,14.671668
1452800280978,5.803545,1.8052281,13.843274
1452800280986,5.81791,1.733402,13.048399
1452800281013,6.0285997,2.566584,12.50731
1452800281037,6.167464,3.715801,12.172121
1452800281044,5.93762,4.9799395,12.521675
1452800281065,5.861006,6.205771,12.871228
1452800281091,6.019023,6.8665705,13.474567
1452800281120,6.133945,6.751649,13.718776
1452800281125,6.459556,4.630386,13.43626
1452800281156,7.1155677,2.480393,13.608643
1452800281164,7.589619,0.545878,14.647726
1452800281185,8.1402855,-1.0007763,16.352398
1452800281215,9.093178,-2.6431987,18.219875
1452800281226,9.701305,-3.739743,19.632454
1452800281244,9.466674,-4.295198,20.245369
1452800281274,9.030929,-4.5058875,20.499155
1452800281286,8.307879,-4.6830587,19.91497
1452800281308,7.8050976,-5.1140146,19.416975
1452800281344,7.3071036,-5.616797,18.26776
1452800281346,7.1969705,-6.2488666,16.984467
1452800281371,7.019799,-6.0860605,15.701175
1452800281389,6.4260373,-5.449203,14.820108
1452800281412,5.7269306,-5.032612,13.804967
1452800281436,5.0421886,-4.55856,12.808979
1452800281448,3.9217024,-4.122815,11.760319
1452800281466,2.9257145,-3.7732618,10.601525
1452800281487,2.2505496,-3.4524388,9.974244
1452800281509,1.6184803,-4.0653543,8.805874
1452800281525,1.388637,-5.401319,8.207323
1452800281549,0.89064306,-6.2823853,7.61835
1452800281573,0.9720459,-7.40766,6.813898
1452800281595,1.0630256,-7.4603324,5.511452
1452800281612,1.5275006,-7.6470804,4.9464207
1452800281628,1.934515,-7.393295,5.1235914
1452800281644,2.528277,-6.6415157,5.9041014
1452800281678,3.169923,-5.90889,6.7947445
1452800281687,3.9600096,-5.530606,7.872135
1452800281706,4.2521024,-4.8937483,8.7053175
1452800281731,4.7165775,-4.477157,9.998186
1452800281746,5.8562174,-4.5681367,11.7268
1452800281764,6.8091097,-4.5154643,13.048399
1452800281789,7.5800424,-4.697424,14.504074
1452800281813,7.699753,-4.5872903,16.007633
1452800281834,7.3789296,-3.9935284,16.539145
1452800281845,7.144298,-3.394978,17.075447
1452800281866,7.201759,-2.3894134,16.94616
1452800281890,7.61835,-2.0925324,16.630125
1452800281917,7.7907324,-1.412579,16.156073
1452800281941,8.010999,-0.8475474,16.141708
1452800281946,8.413225,-0.33997664,16.060305
1452800281969,8.829816,0.10055647,15.672444
1452800281987,9.32781,0.6991069,14.925453
1452800282005,9.32781,0.6991069,14.925453
1452800282026,9.227253,2.27928,13.594277
1452800282055,9.227253,2.27928,13.594277
1452800282066,7.943961,2.9783869,11.8896055
1452800282087,7.943961,2.9783869,11.8896055
1452800282107,7.551312,3.0071173,11.042058
1452800282136,7.608773,2.8203697,10.606314
1452800282147,7.747637,2.6910827,10.611102
1452800282167,8.106767,3.490746,10.912771
1452800282188,7.714118,4.0701427,11.382035
1452800282216,7.680599,4.390966,12.315774
1452800282229,7.632715,3.9695864,13.096283
1452800282248,7.651869,2.6671407,13.412318
1452800282273,7.762002,1.4413095,13.249513
1452800282294,7.7907324,0.4261679,13.570335
1452800282309,7.8050976,-0.5650316,14.528016
1452800282326,8.274361,-1.5945383,16.117765
1452800282351,8.75799,-2.5330653,17.650055
1452800282384,8.963891,-3.0597897,18.569427
1452800282387,8.724471,-3.5194764,18.971655
1452800282413,8.523358,-3.6296098,18.464083
1452800282427,8.145074,-3.5051112,17.855957
1452800282445,7.5082164,-3.7541082,17.314867
1452800282468,6.967127,-4.3239284,16.347609
1452800282498,7.16824,-4.817134,15.346833
1452800282521,6.6893997,-5.0038815,14.671668
1452800282529,6.2392898,-4.8937483,13.900735
1452800282547,5.425261,-4.8985367,12.919112
1452800282567,4.6112323,-4.7644615,12.047623
1452800282596,3.6152446,-4.5441947,10.874464
1452800282608,2.255338,-3.9839516,9.442732
1452800282628,1.2545617,-3.5865142,8.221688
1452800282648,0.58418524,-3.9935284,6.3685765
1452800282669,0.047884032,-4.596867,4.927267
1452800282686,0.62728083,-5.559336,4.606444
1452800282710,1.5035586,-6.009446,4.596867
1452800282733,1.8148049,-5.5162406,4.975151
1452800282758,1.8195933,-5.434838,5.1810527
1452800282767,2.2840683,-6.1243677,5.4779334
1452800282788,3.265691,-6.7947445,6.339846
1452800282817,4.548983,-7.1586633,8.724471
1452800282836,5.2289367,-6.3685765,10.031705
1452800282849,6.0764837,-5.104438,11.310209
1452800282867,7.61835,-4.3718123,12.641385
1452800282885,9.619903,-4.271256,14.130578
1452800282907,10.582372,-4.285621,15.873557
1452800282926,10.91756,-4.31914,17.578228
1452800282953,10.184934,-4.027047,18.813637
1452800282974,8.791509,-3.5625722,18.760965
1452800282997,7.7189064,-2.7964275,18.47366
1452800283006,7.2544312,-1.9009962,17.937359
1452800283032,7.651869,-0.6943185,17.24304
1452800283060,7.599196,0.5410896,16.883911
1452800283067,7.666234,1.6136919,15.7825775
1452800283092,7.240066,2.231396,14.192827
1452800283112,6.799533,2.4851813,12.780249
1452800283136,6.703765,2.4947581,11.51611
1452800283147,6.2009826,2.6192567,10.232818
1452800283170,5.592855,2.4995465,9.150639
1452800283194,4.999093,2.4660277,8.834604
1452800283215,4.8937483,2.5905263,9.050082
1452800283227,5.0900726,2.078167,9.150639
1452800283247,5.3725886,1.9393034,10.055647
1452800283272,5.7508726,2.1883004,11.046846
1452800283296,5.559336,3.3758245,11.736377
1452800283317,5.161899,4.5058875,12.459426
1452800283335,5.3199162,3.892972,13.560759
1452800283349,5.9902925,2.1978772,15.859192
1452800283368,7.1107793,0.51714754,17.405846
1452800283391,7.8865004,0.34476504,17.257406
1452800283415,8.528147,0.5363012,17.161638
1452800283437,8.719683,-0.2681506,17.238253
1452800283448,8.719683,-0.2681506,17.238253
1452800283470,7.2113357,-3.6104562,18.780119
1452800283488,7.2113357,-3.6104562,18.780119
1452800283518,8.0684595,-7.599196,20.714634
1452800283529,8.0684595,-7.599196,20.714634
1452800283549,8.336611,-7.9583263,19.82878
1452800283568,6.315904,-7.551312,18.171991
1452800283590,3.347094,-6.4882865,17.18558
1452800283607,3.3806129,-5.7843914,18.459295
1452800283635,3.3423057,-4.6686935,18.406622
1452800283655,2.8538885,-4.381389,17.81286
1452800283675,2.7485435,-5.329493,15.71554
1452800283697,2.4229321,-5.889736,13.10586
1452800283709,2.327164,-4.879383,10.189722
1452800283732,1.4269443,-2.9017725,8.169016
1452800283757,2.1308396,-4.0462008,9.006987
1452800283768,2.8299465,-2.60968,7.785944
1452800283788,3.0933087,-1.4939818,5.947197
1452800283816,1.8339585,-1.4508862,3.1794999
1452800283828,0.6512229,-0.62728083,6.0860605
1452800283853,1.0055647,2.4420857,6.2728086
1452800283881,1.6759412,3.98874,5.3342814
1452800283892,2.15957,4.1946416,3.8833952
1452800283911,1.6184803,3.4093432,5.81791
1452800283937,0.45489833,3.2944214,5.5401826
1452800283948,-0.22505496,3.0262709,5.2528787
1452800283972,0.19153613,3.074155,5.463568
1452800283998,0.7278373,3.7110126,5.559336
1452800284023,0.8331822,4.4915223,5.9280434
1452800284028,0.36870706,4.999093,5.865794
1452800284052,0.16759412,5.267244,6.8665705
1452800284068,-0.46926352,4.5633483,7.680599
1452800284096,-0.6703765,3.8786068,7.8865004
1452800284117,-0.521936,4.0222588,8.09719
1452800284143,-0.06703765,4.596867,7.297527
1452800284148,-0.2633622,4.9224787,7.551312
1452800284170,-0.90979666,4.6351743,7.8769236
1452800284188,-1.3024458,4.0892963,8.6095495
1452800284217,-1.2401965,3.8259344,8.647857
1452800284239,-1.0582372,4.237737,8.839393
1452800284249,-0.81402856,4.3622355,8.887277
1452800284268,-0.50757074,4.936844,8.858546
1452800284289,-0.6799533,4.6160207,8.916007
1452800284312,-0.62728083,4.4436383,8.978256
1452800284336,-1.13964,4.462792,8.99741
1452800284356,-1.0151415,3.5865142,5.683835
1452800284370,-1.8195933,4.596867,9.078813
1452800284396,-1.0773908,5.0517654,9.629479
1452800284412,-1.2880806,4.606444,9.519346
1452800284440,-1.5658079,4.8602295,9.595961
1452800284448,-1.9153614,3.217807,7.9822683
1452800284471,-2.054225,2.9879637,8.312668
1452800284491,-1.4987702,3.8977604,9.016563
1452802741035,-1.3072342,5.961562,7.192182
1452802741083,-0.842759,4.9799395,10.951078
1452802741090,-0.04309563,5.765238,8.101978
1452802741108,0.16280572,6.2392898,7.920019
1452802741125,0.9959879,5.506664,8.7292595
1452802741144,1.4460979,4.687847,8.944737
1452802741161,1.115698,4.6495395,9.208099
1452802741183,0.6464345,4.841076,9.279925
1452802741194,0.01436521,5.070919,8.537724
1452802741224,0.009576807,5.046977,7.7093296
1452802741236,0.5506664,5.1810527,7.627927
1452802741274,0.40701428,4.855441,8.12592
1452802741280,0.04309563,5.659893,8.264784
1452802741309,-0.29688102,5.631162,8.212111
1452802741316,-0.6703765,5.6407394,7.824251
1452802741351,-0.01436521,5.4444146,7.0964136
1452802741361,0.1340753,5.6359506,7.038953
1452802741376,-0.2825158,5.8562174,7.302315
1452802741397,-0.4405331,5.7125654,7.704541
1452802741439,0.04309563,5.913678,7.493851
1452802741440,-0.11492168,6.14831,7.551312
1452802741452,-0.80445176,6.129156,7.1251445
1452802741474,-0.33997664,6.191406,7.872135
1452802741500,0.32561144,5.0374002,8.968679
1452802741521,0.090979666,4.3766007,9.203311
1452802741533,-0.36391866,4.7405195,7.881712
1452802741554,-1.1779473,6.3925185,7.551312
1452802741577,-0.56982,5.530606,7.517793
1452802741605,-0.05746084,4.7022123,9.825804
1452802741614,0.10534488,3.6343982,9.969456
1452802741634,0.1436521,4.5633483,9.050082
1452802741661,-0.4309563,5.3438582,7.2927384
1452802741674,-0.5650316,4.783615,7.4268136
1452802741720,-0.62728083,5.0134583,7.6614456
1452802741721,-0.60333884,4.4915223,8.121132
1452802741748,-0.47405192,4.5633483,8.461109
1452802741755,-0.35913026,4.7070007,8.480263
1452802741776,-0.12928689,4.209007,8.619126
1452802741794,-1.2162545,4.8985367,9.198523
1452802741813,-1.7142484,4.644751,9.3661175
1452802741835,-1.1971009,5.482722,6.6271505
1452802741857,0.17238252,4.223372,7.9343843
1452802741880,-0.39264908,4.4101195,9.682152
1452802741894,-1.0103531,3.2609026,9.069236
1452802741919,-1.0390835,5.070919,8.99741
1452802741942,-0.4357447,4.721366,8.829816
1452802741954,-0.4405331,5.1762643,7.455544
1452802741976,-0.89543146,5.00867,8.1163435
1452802741995,-0.7134721,4.3718123,9.002198
1452802742015,-0.6799533,5.6982,7.9343843
1452802742038,-0.60333884,5.3007627,7.848193
1452802742062,-0.38307226,4.582502,8.202535
1452802742097,-0.31603462,4.6016555,8.207323
1452802742098,-0.79966336,4.6495395,8.379706
1452802742117,-0.47405192,4.9799395,8.7532015
1452802742138,-0.6368576,5.2241483,8.336611
1452802742176,-0.30166942,4.5202527,8.317456
1452802742177,-0.29688102,4.6591167,8.513782
1452802742202,-0.41180268,4.6160207,8.408437
1452802742224,-0.7661445,5.1140146,8.1881695
1452802742234,-0.39264908,4.6351743,8.619126
1452802742268,-0.2633622,4.663905,8.566454
1452802742279,-0.320823,4.548983,8.39886
1452802742308,-0.6847417,4.6399627,8.073248
1452802742315,-0.6847417,5.00867,8.207323
1452802742346,-0.59376204,4.7788267,8.552089
1452802742354,-0.16280572,4.5681367,8.801085
1452802742373,-0.16280572,4.5681367,8.801085
1452802742404,-0.4261679,4.5394063,8.212111
1452802742429,-0.4261679,4.5394063,8.212111
1452802742436,-0.47405192,4.630386,8.226477
1452802742464,-0.47405192,4.630386,8.226477
1452802742474,-0.4357447,4.8123455,8.556877
1452802742493,-0.35913026,4.793192,8.6334915
1452802742523,-0.46447513,4.7548847,8.801085
1452802742536,-0.5506664,4.8362875,8.360553
1452802742554,-0.39264908,4.6399627,8.350976
1452802742585,-0.30166942,4.6830587,8.37013
1452802742596,-0.545878,4.8362875,8.418014
1452802742615,-0.40222588,4.687847,8.504205
1452802742646,-0.34955344,4.7500963,8.341399
1452802742663,-0.25378537,4.6591167,8.39886
1452802742681,-0.39743748,4.6255975,8.394072
1452802742694,-0.5363012,4.6830587,8.389283
1452802742720,-0.45489833,4.6351743,8.307879
1452802742744,-0.4405331,4.697424,8.360553
1452802742756,-0.29209262,4.759673,8.590396
1452802742775,-0.35434186,4.6782703,8.480263
1452802742795,-0.45489833,4.7309427,8.470686
1452802742817,-0.48841715,4.6830587,8.379706
1452802742835,-0.51235914,4.721366,8.341399
1452802742857,-0.39264908,4.8267107,8.236053
1452802742880,-0.29209262,4.7309427,8.379706
1452802742908,-0.50278234,4.6495395,8.422802
1452802742917,-0.272939,4.6160207,8.274361
1452802742936,-0.33039984,4.6926355,8.231265
1452802742959,-0.33039984,4.6160207,7.9152308
1452802742983,-0.19153613,4.367024,7.61835
1452802743005,0.22026655,4.3287168,6.9000893
1452802743013,0.5410896,3.6152446,5.923255
1452802743044,0.7757214,3.107674,4.0797195
1452802743055,-0.59376204,2.777274,4.084508
1452802743079,-0.79487497,1.7525556,5.6120086
1452802743102,-1.8052281,1.067814,8.178593
1452802743124,-0.45489833,0.5793968,13.680469
1452802743135,-0.033518825,0.45968673,17.401058
1452802743168,1.1013328,-0.1388637,22.237345
1452802743174,-1.5658079,2.695871,25.799917
1452802743195,-1.5514427,-5.257667,21.480778
1452802743226,-0.82360536,-2.6862943,20.369867
1452802743243,2.135628,1.388637,13.517663
1452802743254,1.0726024,2.327164,3.7445314
1452802743278,-1.7717092,4.2425256,-5.827487
1452802743294,-1.1779473,2.743755,-7.321469
1452802743315,-0.01436521,0.62249243,-10.251971
1452802743345,1.2545617,2.2601264,-8.09719
1452802743368,-0.7134721,6.373365,-2.6192567
1452802743374,-1.3982137,7.666234,6.339846
1452802743397,-2.542642,13.158532,27.700914
1452802743418,3.8019924,-3.4284968,25.07208
1452802743447,5.961562,-2.2170308,22.869415
1452802743454,2.336741,1.1827357,17.702728
1452802743476,-1.1061212,4.783615,8.815451
1452802743495,-0.91458505,4.5202527,0.6751649
1452802743516,-1.6998832,4.9559975,-6.6989765
1452802743535,-2.5905263,5.8083334,-8.7532015
1452802743557,-0.31603462,5.070919,-7.8865004
1452802743596,-2.4277205,5.60722,-1.2258313
1452802743598,-1.8674773,3.6104562,7.177817
1452802743618,-0.90979666,3.8786068,21.86385
1452802743635,0.92895025,3.442862,28.94111
1452802743658,3.145981,3.5290532,28.112717
1452802743683,2.8634653,5.1140146,21.98356
1452802743704,0.3878607,5.8083334,11.903971
1452802743717,-1.8291701,5.023035,1.3934253
1452802743735,-1.733402,3.0789435,-7.9870567
1452802743755,-2.1499932,0.89543146,-17.223886
1452802743785,-2.9640217,1.283292,-17.937359
1452802743807,-1.0486604,2.7341783,-14.954184
1452802743816,-1.1013328,3.016694,0.37828386
1452802743836,-2.992752,4.697424,16.49605
1452802743857,-0.6607997,6.631939,33.490093
1452802743880,0.8810662,5.6886234,39.1452
1452802743903,0.8810662,5.6886234,39.1452
1452802743925,2.7485435,2.9783869,17.0946
1452802743954,2.7485435,2.9783869,17.0946
1452802743956,-0.60333884,3.7110126,6.2967505
1452802743975,-2.1547816,3.4237084,-3.7014358
1452802744000,-4.189853,1.3599066,-15.811308
1452802744024,-3.7732618,0.10055647,-22.94124
1452802744036,-2.6479871,2.0159178,-18.851944
1452802744055,-0.7757214,5.12838,-9.02614
1452802744083,-0.10534488,3.4572272,8.1642275
1452802744097,-3.2273839,5.3007627,28.955475
1452802744116,-0.7374141,6.5984197,35.913025
1452802744145,3.5242648,3.371036,30.047232
1452802744169,4.903325,3.6248214,23.784
1452802744175,2.1404164,3.145981,14.499286
1452802744198,-0.3878607,2.896984,2.825158
1452802744215,-1.9488802,1.7860745,-9.89763
1452802744247,-2.0015526,1.5993267,-15.907076
1452802744271,-1.6519991,2.2840683,-12.531252
1452802744276,-0.5267244,6.253655,-4.644751
1452802744299,-2.408567,6.679823,7.383718
1452802744317,-1.9967642,7.4124484,17.492037
1452802744335,0.45489833,6.2009826,20.537462
1452802744364,0.25378537,4.3526587,15.98369
1452802744383,1.8387469,5.2385135,13.354857
1452802744401,2.6192567,2.5234885,11.57836
1452802744420,1.9153614,2.0685902,9.797073
1452802744443,0.6991069,2.7581203,7.9487495
1452802744459,0.11492168,4.3287168,6.50744
1452802744479,0.1388637,5.209783,5.8562174
1452802744501,0.35434186,5.913678,5.717354
1452802744528,1.6280571,6.196194,6.2249246
1452802744536,0.9672575,5.5497594,8.00621
1452802744557,0.12449849,5.9759274,7.848193
1452802744586,-0.79487497,6.5936313,7.297527
1452802744610,0.21068975,6.564901,6.703765
1452802744615,1.4556746,5.66947,6.7708025
1452802744642,1.1540052,6.0716953,7.8625584
1452802744657,0.023942016,6.2009826,8.394072
1452802744681,0.18195933,6.4547677,7.8386164
1452802744705,1.1252748,6.009446,7.8912888
1452802744717,1.5179238,5.631162,7.2592196
1452802744737,1.043872,6.0046577,7.3166804
1452802744758,0.7182605,6.042965,7.1347213
1452802744778,1.1204864,6.2009826,6.8761473
1452802744807,1.2066777,5.674258,6.895301
1452802744819,1.043872,5.865794,7.3789296
1452802744838,0.79008657,6.143522,7.52737
1452802744859,0.842759,6.2249246,7.52737
1452802744881,1.0486604,6.0716953,7.4507556
1452802744898,1.4317327,5.865794,7.7332716
1452802744927,1.2401965,5.889736,7.493851
1452802744939,0.93373865,6.0716953,7.5848308
1452802744962,0.2777274,6.196194,7.599196
1452802744984,1.0342951,6.4308257,6.3781533
1452802745027,1.1444284,6.0525417,7.038953
1452802745032,1.7669208,5.9663506,7.9391727
1452802745064,1.4460979,5.6120086,8.48984
1452802745065,0.521936,6.157887,6.1387334
1452802745108,0.641646,5.9807158,7.1155677
1452802745109,0.9624691,5.2241483,7.7428484
1452802745132,0.50757074,6.1004257,8.834604
1452802745764,0.8810662,5.985504,6.493075
1452802745779,0.89064306,6.0238113,8.049306
1452802745810,0.01436521,5.899313,7.565677
1452802745829,0.9911995,5.9519854,7.6614456
1452802745861,1.3263878,5.755661,7.493851
1452802745862,1.316811,5.506664,7.3071036
1452802745886,1.0869676,5.731719,7.690176
1452802745897,0.94331545,5.6790466,8.101978
1452802745918,0.92895025,5.8083334,7.6853876
1452802745950,1.1061212,5.813122,7.656657
1452802745965,0.842759,6.0046577,7.4363904
1452802745985,0.8810662,5.947197,7.675811
1452802746000,0.8331822,5.6790466,7.493851
1452802746035,0.91458505,5.779603,7.541735
1452802746038,0.9528923,5.6886234,7.465121
1452802746082,1.2114661,5.841852,7.6949644
1452802746086,1.1013328,5.765238,7.7428484
1452802746102,1.0342951,5.7604494,8.12592
1452802746121,0.90979666,5.7269306,7.675811
1452802746141,0.866701,5.813122,7.656657
1452802746160,0.9911995,5.722142,7.398083
1452802746177,0.9816227,5.7987566,7.369353
1452802746198,0.93373865,5.7843914,7.4842744
1452802746231,0.866701,5.674258,7.6949644
1452802746238,0.8762778,5.7604494,8.034941
1452802746267,0.9959879,5.793968,7.943961
1452802746279,1.0821792,5.8466406,7.9343843
1452802746299,1.0486604,5.722142,7.599196
1452802746336,0.8858546,5.659893,7.517793
1452802746343,0.8714894,5.793968,7.565677
1452802746361,1.1348516,5.6551046,7.6710224
1452802746381,1.067814,5.746084,7.824251
1452802746405,1.115698,5.554548,7.920019
1452802746420,-0.320823,5.2624555,4.5394063
1452802746446,0.7661445,6.26802,8.09719
1452802746469,1.5849615,5.947197,7.7811556
1452802746483,1.70946,5.8801594,9.217676
1452802746515,1.0390835,5.2624555,7.4268136
1452802746540,0.9911995,5.57849,6.9048777
1452802746540,1.0726024,5.707777,7.714118
1452802782239,0.3878607,2.3175871,10.702082
1452802782261,0.62728083,2.1883004,9.916783
1452802782278,-0.1388637,1.5466543,9.710882
1452802782298,0.14844051,2.1739352,8.925584
1452802782326,0.08619126,1.982399,8.992621
1452802782344,-0.12449849,1.9919758,9.471462
1452802782359,0.1388637,1.8674773,9.442732
1452802782378,0.17238252,1.9393034,9.198523
1452802782410,0.02873042,1.7812861,9.313444
1452802782417,0.033518825,1.8291701,9.3421755
1452802782445,-0.10055647,1.6136919,9.3182335
1452802782461,0.01436521,1.733402,9.615114
1452802782480,0.05267244,1.8243817,9.610326
1452802782512,0.25378537,1.8531121,9.332599
1452802782519,0.48841715,2.0350714,9.452309
1452802782549,0.48841715,2.0350714,9.452309
1452802782563,0.81402856,2.135628,9.26556
1452802782583,0.81402856,2.135628,9.26556
1452802782605,1.1252748,1.7717092,8.403648
1452802782618,1.1252748,1.7717092,8.403648
1452802782638,1.4891934,1.6998832,7.4986396
1452802782656,1.4891934,1.6998832,7.4986396
1452802782686,1.2545617,2.327164,6.8426285
1452802782697,0.78050977,2.4756045,6.991069
1452802782719,1.3072342,1.1300632,6.751649
1452802782737,1.3982137,0.9672575,6.0956373
1452802782768,1.3359646,0.9720459,7.1251445
1452802782781,-0.29209262,2.695871,7.2113357
1452802782799,0.48362875,2.2457612,7.5704656
1452802782822,0.90021986,2.1308396,7.513005
1452802782851,0.9959879,3.1316159,7.9152308
1452802782859,0.78529817,2.9592333,7.905654
1452802782884,0.7182605,3.3662477,7.6231384
1452802782897,0.5315128,5.7029886,9.562442
1452802782919,-0.04309563,5.884948,10.060435
1452802782942,-0.59855044,5.813122,9.203311
1452802782963,-0.9816227,5.9280434,8.580819
1452802782982,-1.2162545,7.005434,10.213664
1452802782999,-0.5602432,7.1826053,10.845734
1452802783021,0.25378537,6.555324,11.683704
1452802783044,0.81881696,7.4842744,13.177686
1452802783066,0.842759,8.7532015,13.330915
1452802783083,0.10055647,8.082825,12.253524
1452802783099,-0.19632454,6.9383965,10.903194
1452802783123,0.17238252,6.129156,9.32781
1452802783146,0.21547815,5.0421886,8.259995
1452802783168,0.4165911,3.9456444,7.5321584
1452802783185,0.47884035,3.6583402,6.555324
1452802783202,1.0151415,2.7150247,5.8705826
1452802783222,1.4317327,1.8052281,5.0661306
1452802783242,1.4221559,0.51714754,4.841076
1452802783259,1.3215994,-0.090979666,5.142745
1452802783282,1.3934253,-1.1587936,5.5018754
1452802783304,1.6280571,-2.384625,6.445191
1452802783321,1.70946,-3.5338416,7.369353
1452802783338,2.2601264,-4.582502,9.490616
1452802783368,3.3039982,-5.741296,11.980585
1452802783379,4.357447,-7.321469,14.341269
1452802783401,3.9791632,-8.441956,15.184027
1452802783419,4.19943,-8.465898,16.242264
1452802783441,4.525041,-6.612785,17.391481
1452802783458,4.5202527,-4.8841715,17.099388
1452802783481,3.6152446,-3.7588966,16.381128
1452802783504,2.7485435,-3.620033,15.753847
1452802783534,2.6144683,-3.064578,15.629349
1452802783538,3.3758245,-2.3942018,15.255854
1452802783560,3.6104562,-2.255338,14.441825
1452802783578,3.217807,-2.3319526,13.029245
1452802783600,2.9017725,-1.6089035,11.415554
1452802783623,2.825158,-0.91937345,9.911995
1452802783646,3.0885203,0.0,9.198523
1452802783659,3.193865,0.9816227,9.165004
1452802783685,3.3039982,2.3175871,9.02614
1452802783708,3.41892,2.9640217,9.059659
1452802783720,3.4093432,2.8443117,9.02614
1452802783739,3.3901896,2.6240451,8.983045
1452802783760,3.1747115,2.4181437,9.169792
1452802783782,3.0597897,2.327164,9.710882
1452802783799,2.801216,2.0925324,10.223241
1452802783822,2.3702598,2.4899697,10.275913
1452802783845,2.3798366,2.2936451,10.5919485
1452802783867,2.5905263,1.7525556,11.563994
1452802783882,2.9113493,1.2401965,12.636597
1452802783899,2.9257145,0.9624691,14.551958
1452802783923,3.0550013,0.81402856,16.060305
1452802783947,2.777274,0.4309563,16.845604
1452802783959,2.9783869,-0.076614454,17.290924
1452802783980,3.892972,-0.770933,17.51119
1452802783999,4.548983,-1.1444284,17.827227
1452802784020,4.548983,-1.1444284,17.827227
1452802784043,4.721366,-3.265691,18.607735
1452802784070,4.721366,-3.265691,18.607735
1452802784092,4.5298295,-5.21936,19.436129
1452802784099,4.5298295,-5.21936,19.436129
1452802784122,4.6351743,-6.181829,19.37388
1452802784140,3.9983168,-5.645528,18.420988
1452802784163,3.5434184,-4.735731,16.347609
1452802784186,3.1364043,-3.8163576,14.681245
1452802784208,2.384625,-3.0262709,13.584701
1452802784220,2.27928,-2.944868,12.540829
1452802784240,1.7860745,-3.1411927,11.84651
1452802784260,1.532289,-3.490746,11.113884
1452802784289,1.0726024,-3.5338416,9.844957
1452802784300,0.51235914,-3.4715924,8.872911
1452802784321,0.2681506,-3.4859576,7.690176
1452802784340,0.46447513,-3.347094,6.751649
1452802784362,0.5506664,-3.5338416,5.875371
1452802784379,0.641646,-4.3382936,4.6926355
1452802784402,0.5650316,-5.434838,3.2944214
1452802784425,0.023942016,-5.861006,2.4660277
1452802784447,-0.019153614,-6.0956373,3.3614593
1452802784460,-0.23942018,-6.3446345,3.9935284
1452802784482,-0.062249243,-6.7085533,5.353435
1452802784499,1.0534488,-6.981492,7.062895
1452802784522,2.1499932,-7.3406224,9.097966
1452802784544,2.6671407,-8.192958,11.822568
1452802784566,3.2273839,-8.197746,13.340492
1452802784583,3.4476504,-7.7428484,15.332468
1452802784601,3.6583402,-6.919243,18.152838
1452802784623,5.3199162,-6.83784,18.780119
1452802784647,6.694188,-7.422025,20.556616
1452802784668,7.369353,-7.699753,23.008278
1452802784686,7.1155677,-7.374141,23.166296
1452802784701,6.4978633,-5.3438582,22.203827
1452802784725,5.195418,-3.083732,20.657173
1452802784749,4.9655743,-1.2018893,19.34036
1452802784760,5.118803,0.45010993,18.05707
1452802784781,6.129156,1.7286136,16.347609
1452802784801,6.339846,2.3558946,15.17445
1452802784822,6.1004257,2.8443117,14.293385
1452802784844,5.2241483,2.0350714,13.086706
1452802784868,4.5681367,1.2497733,12.301409
1452802784890,4.0462008,0.9720459,11.803414
1452802784901,3.4859576,1.2689269,11.717223
1452802784920,3.083732,2.0207062,11.96622
1452802784941,3.0597897,2.930503,11.611878
1452802784964,2.6001031,3.4811692,12.11466
1452802784988,2.7150247,3.9456444,12.789825
1452802785010,2.5570073,4.223372,13.771448
1452802785027,2.2409728,4.256891,14.4370365
1452802785046,1.6472107,4.390966,14.872781
1452802785061,1.7286136,3.643975,14.978126
1452802785086,2.5761611,2.2744915,15.332468
1452802785108,3.7014358,0.7326257,16.270994
1452802785129,4.903325,-0.51714754,17.827227
1452802785140,5.650316,-2.27928,19.876663
1452802785162,5.731719,-3.5865142,21.365856
1452802785179,5.497087,-4.2999864,22.323536
1452802785203,5.1379566,-4.2281604,22.486341
1452802785227,4.596867,-4.0174704,22.294806
1452802785248,4.2521024,-4.2042184,21.815966
1452802785261,3.6152446,-4.582502,21.150377
1452802785283,2.8778305,-5.6407394,19.58457
1452802785300,2.8203697,-6.603208,17.530344
1452802785323,3.0454245,-6.679823,15.940595
1452802785346,3.2992098,-6.019023,14.504074
1452802785368,2.8538885,-5.3821654,13.570335
1452802785385,2.3511062,-4.711789,12.186486
1452802785402,1.5705963,-4.156334,10.955867
1452802785420,0.78050977,-3.8546648,10.041282
1452802785449,-0.023942016,-3.6008794,9.275137
1452802785471,-0.60333884,-4.1515455,8.537724
1452802785491,-0.89543146,-4.8458643,7.4124484
1452802785500,-1.1492168,-5.2528787,6.742072
1452802785521,-1.3072342,-6.0525417,6.0860605
1452802785544,-1.3072342,-6.0525417,6.0860605
1452802785568,-1.8914193,-6.4978633,4.55856
1452802785590,-1.8914193,-6.4978633,4.55856
1452802785608,-0.9959879,-6.6079965,5.0900726
1452802785622,0.37349546,-6.4020953,6.167464
1452802785775,1.8435353,-6.4499793,7.9008656
1452802785776,3.1124623,-5.765238,9.481039
1452802785776,3.596091,-4.9943047,11.530476
1452802785776,3.8259344,-4.548983,13.01488
1452802785777,4.256891,-4.486734,14.45619
1452802785777,4.711789,-4.7500963,15.7825775
1452802785777,5.0134583,-5.21936,17.27656
1452802785791,5.142745,-5.5641246,18.708292
1452802785805,4.9224787,-5.521029,19.689915
1452802785833,4.3143516,-4.865018,20.379444
1452802785841,4.132392,-3.7972038,20.298042
1452802785862,4.1276035,-2.753332,19.962854
1452802785883,4.367024,-2.0015526,20.350714
1452802785902,5.2624555,-0.8523358,20.456059
1452802785923,5.923255,0.3878607,20.18312
1452802785943,5.554548,1.5562311,19.172768
1452802785965,5.00867,2.1787236,17.96609
1452802785981,4.477157,2.6719291,16.692375
1452802786005,3.9073372,2.5953147,15.811308
1452802786030,3.323152,2.4708161,14.762648
1452802786042,3.0550013,2.566584,13.685257
1452802786066,2.920926,2.4756045,12.847286
1452802786087,3.0597897,2.767697,12.397177
1452802786102,3.265691,3.0119057,12.339716
1452802786122,3.1364043,3.9025488,12.095507
1452802786151,2.6048915,4.8506527,12.397177
1452802786170,2.5330653,5.592855,12.923901
1452802786187,2.6719291,5.947197,13.776237
1452802786203,2.906561,5.329493,14.796166
1452802786221,3.41892,3.7445314,15.658079
1452802786250,3.787627,2.1452048,16.812084
1452802786261,3.9743748,0.78529817,18.708292
1452802786284,4.3287168,-0.40222588,20.42254
1452802786301,4.4101195,-1.9728222,22.141577
1452802786343,4.223372,-3.0597897,23.9899
1452802786345,3.4715924,-3.5290532,24.138342
1452802786377,2.6192567,-4.0462008,24.056938
1452802786381,2.2744915,-4.8985367,22.878992
1452802786407,1.661576,-5.9567738,21.4712
1452802786426,1.5562311,-6.8569937,19.34515
1452802786443,1.9488802,-7.2544312,17.324444
1452802786469,2.2218192,-6.3685765,15.351622
1452802786492,2.2984335,-5.5018754,13.723564
1452802786500,2.27928,-4.8745947,12.186486
1452802786523,1.7190368,-4.3478703,11.022904
1452802786545,0.7038953,-4.185065,10.084377
1452802786562,-0.8523358,-4.027047,9.083601
1452802786592,-1.8674773,-3.7014358,9.121908
1452802786602,-1.508347,-3.9360676,8.1881695
1452802786622,-1.4796166,-4.8698063,7.240066
1452802786642,-1.9536686,-5.4683566,7.053318
1452802786664,-2.0111294,-5.4539914,6.9958572
1452802786687,-1.8339585,-6.019023,6.909666
1452802786710,-1.4221559,-6.9240313,6.885724
1452802786732,-0.8810662,-7.73806,7.038953
1452802786750,0.01436521,-7.8912888,7.905654
1452802786764,0.58897364,-7.800309,8.6334915
1452802786783,1.4700398,-7.5848308,9.595961
1452802786806,2.504335,-6.6271505,12.263102
1452802786823,4.0797195,-5.377377,15.255854
1452802786842,5.2768207,-4.333505,16.816874
1452802786865,4.903325,-3.5434184,17.549498
1452802786887,4.189853,-3.2465374,17.06587
1452802786901,3.7253778,-3.1364043,16.970102
1452802786922,3.2465374,-3.1603463,16.874334
1452802786950,3.0502129,-2.6144683,16.778566
1452802786964,3.2513258,-2.3989902,16.759413
1452802786981,3.2225955,-1.8435353,17.171215
1452802787005,3.7780502,-1.2545617,17.53992
1452802787022,3.7780502,-1.2545617,17.53992
1452802787045,4.5872903,0.019153614,17.118542
1452802787069,4.5872903,0.019153614,17.118542
1452802787090,5.1571107,1.5658079,16.146496
1452802787107,5.1571107,1.5658079,16.146496
1452802787125,5.1140146,2.3127987,15.32768
1452802787142,4.7884035,2.9735985,14.762648
1452802787166,4.3047748,3.347094,13.9917145
1452802787188,3.9839516,3.4141316,13.464991
1452802787209,3.9695864,3.2082303,13.536817
1452802787227,3.940856,3.1268275,13.52724
1452802787244,3.7828386,3.3375173,13.8480625
1452802787262,3.6535518,3.8307228,15.20797
1452802787285,3.7541082,4.7261543,15.773001
1452802787307,3.643975,5.085284,16.069881
1452802787329,3.1842883,4.807557,16.065094
1452802787343,3.0597897,3.241749,16.218323
1452802787372,3.0933087,1.4748282,16.654066
1452802787382,3.2321723,-0.15322891,17.616535
1452802787403,3.3327289,-1.8243817,18.89504
1452802787427,3.4332852,-3.1411927,20.140024
1452802787456,3.193865,-3.9121256,20.719421
1452802787462,2.8060043,-4.2664676,20.800825
1452802787488,2.5091233,-4.5920787,20.499155
1452802787512,1.9153614,-4.8985367,19.10573
1452802787524,1.7142484,-5.530606,18.104954
1452802787543,1.7238252,-5.9184666,16.615759
1452802787564,1.7238252,-6.0956373,15.404294
1452802787585,1.6998832,-5.8945246,14.03481
1452802787603,1.2066777,-5.8322754,12.876017
1452802787626,0.4309563,-5.6359506,12.038046
1452802787648,-0.047884032,-5.4444146,11.09473
1452802787670,-0.7086837,-5.0134583,10.453085
1452802787685,-1.0582372,-4.663905,9.241618
1452802787703,-1.1300632,-5.3725886,8.015787
1452802787727,-0.93373865,-6.4404025,7.216124
1452802787751,-0.7278373,-6.981492,6.244078
1452802787773,-0.39743748,-7.4603324,5.9184666
1452802787784,-0.39264908,-7.9631147,5.535394
1452802787805,-0.22026655,-7.747637,5.7748146
1452802787824,0.25378537,-7.699753,7.28795
1452802787853,0.92895025,-6.6415157,8.738836
1452802787865,1.8291701,-5.81791,9.3421755
1452802787885,1.9393034,-5.267244,10.04607
1452802787905,2.408567,-5.046977,11.434708
1452802787926,2.96881,-5.12838,13.158532
1452802787943,3.4811692,-5.0757074,13.996503
1452802787973,3.5434184,-5.415684,14.231135
1452802787984,3.4380736,-5.78918,14.408306
1452802788004,3.122039,-5.631162,14.863204
1452802788024,2.3702598,-5.281609,15.466543
1452802788046,2.078167,-4.4915223,15.524004
1452802788063,1.8195933,-3.8355112,15.849615
1452802788086,2.231396,-3.265691,16.093824
1452802788119,2.4995465,-2.504335,16.630125
1452802788125,3.0358477,-1.8914193,17.3005
1452802788151,3.4380736,-1.1827357,17.654844
1452802788165,3.3806129,-0.5506664,17.899052
1452802788187,3.6248214,0.023942016,17.764977
1452802788211,3.2321723,0.89543146,17.410635
1452802788223,2.9352913,1.4652514,16.678009
1452802788245,2.5953147,2.1164744,15.9022875
1452802788262,2.2744915,2.72939,15.294161
1452802788285,2.2697031,3.0023289,14.896723
1452802788303,2.2744915,3.5098996,14.81532
1452802788325,1.8914193,4.0653543,14.623784
1452802788350,1.4317327,4.381389,14.997279
1452802788370,1.0869676,4.6686935,15.121778
1452802788384,1.1444284,4.1611223,14.853627
1452802788409,1.7046716,2.9017725,15.509639
1452802788432,2.0254946,1.6519991,15.8544035
1452802788445,2.1739352,0.5602432,16.606182
1452802788464,2.030283,-0.35913026,17.33402
1452802788485,2.3080103,-1.3551182,18.708292
1452802788506,2.3080103,-1.3551182,18.708292
1452802788525,2.858677,-3.4380736,20.566193
1452802788547,2.858677,-3.4380736,20.566193
1452802788570,1.6807296,-4.405331,19.919758
1452802788595,1.6807296,-4.405331,19.919758
1452802788606,0.93852705,-4.865018,18.871098
1452802788632,0.89064306,-5.813122,17.84159
1452802788645,1.388637,-6.2823853,16.64449
1452802788666,1.8866309,-6.6367273,15.619772
1452802788690,1.8770541,-6.2871737,14.4370365
1452802788717,1.6711528,-6.0285997,13.163321
1452802788724,1.2162545,-5.9567738,12.157756
1452802788743,0.62728083,-5.626374,11.022904
1452802788768,-0.320823,-5.3821654,10.472239
1452802788792,-0.78050977,-5.674258,9.404425
1452802788813,-0.45489833,-6.9288197,7.9487495
1452802788830,-0.1340753,-7.8050976,6.8905125
1452802788845,0.12449849,-7.225701,6.5936313
1452802788863,0.1388637,-6.751649,6.83784
1452802788895,0.33997664,-7.0102224,6.742072
1452802788905,0.48362875,-7.7428484,7.302315
1452802788926,0.8762778,-8.542512,8.992621
1452802788955,0.81881696,-8.700529,9.993398
1452802788966,0.33039984,-7.9966335,9.466674
1452802788988,0.40222588,-6.531382,10.453085
1452802789013,1.0486604,-5.401319,12.665327
1452802789024,2.087744,-4.7165775,14.044387
1452802789047,2.8874073,-4.7165775,13.733141
1452802789064,3.2513258,-5.195418,12.938266
1452802789086,3.3758245,-5.391742,13.158532
1452802789104,2.930503,-5.434838,13.785813
1452802789127,2.1643584,-5.463568,15.102624
1452802789150,1.436521,-5.2145715,15.911864
1452802789172,0.23942018,-4.3287168,16.94616
1452802789186,-0.033518825,-3.098097,17.750612
1452802789206,0.89064306,-2.1547816,18.100164
1452802789224,1.7238252,-1.5849615,18.018763
1452802789246,2.4133554,-0.8810662,18.286913
1452802789269,3.3997664,0.047884032,18.229452
1452802789291,3.4045548,0.93852705,17.51598
1452802789308,3.0597897,2.0254946,17.3005
1452802789325,2.6192567,2.6479871,16.141708
1452802789352,2.4756045,2.8107927,15.318103
1452802789376,2.2266076,2.8778305,14.997279
1452802789384,1.9728222,3.0358477,14.944607
1452802789406,1.7956513,3.821146,14.872781
1452802789432,1.7046716,4.6351743,14.901511
1452802789449,1.115698,5.482722,15.093047
1452802789468,1.0007763,5.9424086,15.456966
1452802789498,0.93852705,4.960786,15.5671
1452802789504,1.1971009,3.0454245,15.677233
1452802789535,1.7860745,1.2737153,15.988479
1452802789544,1.8339585,-0.17238252,17.041927
1452802789569,1.9728222,-1.6807296,18.44493
1452802789592,2.087744,-3.2225955,20.106506
1452802789617,1.9776106,-4.1371803,20.982784
1452802789626,1.8339585,-4.4484267,21.136013
1452802789647,1.7717092,-4.4675803,20.66196
1452802789666,1.70946,-4.711789,20.259735
1452802789689,1.7621324,-5.377377,19.507956
1452802789712,1.6376339,-5.9663506,18.464083
1452802789734,1.3742718,-6.397307,17.353174
1452802789751,1.0534488,-6.517017,16.189592
1452802789772,0.7134721,-6.5744777,15.059528
1452802789786,0.38307226,-6.363788,13.685257
1452802789808,-0.16759412,-6.2009826,12.555194
1452802789832,-0.51235914,-5.66947,11.449073
1452802789853,-0.545878,-5.3438582,9.773131
1452802789877,-0.49320555,-6.033388,8.475474
1452802789891,-0.6943185,-6.823475,7.321469
1452802789909,-0.48362875,-7.101202,6.83784
1452802789928,-0.11971009,-6.8426285,6.445191
1452802789951,0.31124622,-7.1969705,6.0238113
1452802789977,0.50757074,-7.8050976,6.679823
1452802789986,0.50757074,-7.8050976,6.679823
1452802790012,1.043872,-7.7093296,8.39886
1452802790028,1.043872,-7.7093296,8.39886
1452802790049,0.7134721,-6.5218053,9.701305
1452802790071,0.7134721,-6.5218053,9.701305
1452802790089,0.5410896,-5.3486466,11.63582
1452802790107,1.0534488,-4.0892963,12.679692
1452802790133,1.7142484,-4.1659107,13.532028
1452802790166,2.5139117,-4.9464207,13.838486
1452802790167,2.825158,-5.410896,13.618219
1452802790193,2.5091233,-5.645528,13.637373
1452802790212,1.8674773,-5.7365074,14.18325
1452802790227,1.5131354,-5.2002063,14.820108
1452802790251,1.2976574,-4.4005427,15.753847
1452802790274,1.5610195,-3.6056678,16.845604
1452802790287,1.733402,-3.0885203,17.54471
1452802790307,2.0254946,-2.681506,18.344374
1452802790330,2.7246015,-1.9440918,18.875887
1452802790347,3.5434184,-1.316811,18.899828
1452802790370,4.0701427,-0.10534488,18.555063
1452802790394,4.333505,1.2497733,17.774553
1452802790406,4.3766007,2.4612393,16.807297
1452802790426,4.2521024,2.9400797,15.768212
1452802790448,4.146757,3.1986535,15.08347
1452802790471,4.1132383,2.9496565,14.60463
1452802790490,3.9264908,2.4995465,14.312538
1452802790507,3.6774938,2.5617957,14.504074
1452802790531,3.083732,2.753332,14.326903
1452802790552,2.6192567,2.9640217,14.671668
1452802790569,2.542642,2.906561,15.298949
1452802790587,2.6527755,2.3080103,15.840038
1452802790617,2.6288335,1.8052281,15.844827
1452802790628,2.5234885,1.0007763,15.552734
1452802790648,2.6527755,0.10534488,16.529568
1452802790667,2.657564,-0.7757214,17.659632
1452802790689,2.954445,-2.135628,19.187132
1452802790706,2.9161377,-3.1507695,20.614077
1452802790736,2.6671407,-4.0557775,21.394587
1452802790748,1.9728222,-4.735731,21.222204
1452802790772,0.8619126,-5.1906295,20.93011
1452802790796,0.009576807,-5.755661,20.025103
1452802790806,-0.17238252,-6.421249,18.760965
1452802790825,0.2777274,-6.789956,17.559074
1452802790849,0.33997664,-6.670246,16.22311
1452802790891,0.47405192,-6.531382,14.633361
1452802790895,0.6655881,-6.373365,12.966996
1452802790914,0.6847417,-6.0477533,11.736377
1452802790932,0.1436521,-5.5497594,10.414778
1452802790950,-0.61770403,-5.449203,9.212888
1452802790983,-0.89064306,-5.837064,7.7667904
1452802790985,-1.1683705,-6.445191,6.5218053
1452802791012,-1.0726024,-6.775591,6.0956373
1452802791030,-1.0486604,-6.679823,5.9902925
1452802791047,-1.0390835,-6.655881,5.497087
1452802791072,-1.2306197,-7.0485296,5.7987566
1452802791095,-0.6751649,-6.622362,6.7468605
1452802791109,-0.06703765,-6.5026517,7.5465236
1452802791129,0.641646,-6.540959,8.566454
1452802791148,1.5801731,-6.670246,9.931149
1452802791171,1.9297266,-6.315904,11.257536
1452802791196,1.6280571,-6.0764837,12.617443
1452802791207,2.2361844,-5.861006,13.929465
1452802791228,3.083732,-5.559336,15.002068
1452802791248,3.2369606,-5.291186,14.968549
1452802791269,2.6623523,-5.2049947,14.767436
1452802791298,2.4037786,-4.6926355,14.777013
1452802791310,2.2122424,-4.4196963,14.978126
1452802791327,1.9680338,-3.9360676,15.212758
1452802791349,1.4221559,-3.8498764,15.777789
1452802791374,1.2497733,-3.5098996,16.725893
1452802791387,1.1923125,-3.4524388,17.223886
1452802791411,1.4796166,-3.083732,17.702728
1452802791435,1.7956513,-2.5091233,17.889475
1452802791462,2.3654714,-1.8387469,18.6221
1452802791467,2.3654714,-1.8387469,18.6221
1452802791489,2.566584,0.7422025,18.02355
1452802791514,2.566584,0.7422025,18.02355
1452802791530,2.0254946,1.8579005,16.668432
1452802791547,2.0254946,1.8579005,16.668432
1452802791571,2.1260512,2.4708161,16.151285
1452802791596,2.1021092,2.72939,15.7825775
1452802791609,1.8483237,3.193865,15.44739
1452802791626,1.7238252,3.7349546,15.198392
1452802791650,1.3982137,4.261679,14.944607
1452802791673,0.93852705,4.462792,14.805743
1452802791695,0.8714894,4.2999864,14.915876
1452802791715,1.1061212,3.2992098,15.102624
1452802791729,1.4413095,2.3080103,15.164873
1452802791751,1.3311762,1.0295067,15.8065195
1452802791777,1.2880806,-0.18195933,17.051504
1452802791787,1.4460979,-1.2114661,19.07221
1452802791810,1.6280571,-2.6240451,21.193474
1452802791827,1.6376339,-3.6008794,22.984337
1452802791849,1.2976574,-4.501099,22.744917
1452802791867,0.6703765,-4.9224787,21.610065
1452802791889,0.02873042,-5.7365074,20.561403
1452802791912,-0.641646,-6.3829417,19.713858
1452802791934,-0.47405192,-6.981492,18.330008
1452802791948,0.31603462,-7.3406224,16.883911
1452802791973,0.49799395,-7.153875,15.471332
1452802791997,0.17238252,-6.5936313,14.140155
1452802792009,-0.1436521,-5.8322754,12.751518
1452802792028,-0.49320555,-5.0996494,11.180922
1452802792049,-0.91458505,-4.6591167,10.16578
1452802792070,-1.1013328,-4.405331,9.41879
1452802792092,-0.47405192,-4.759673,8.599973
1452802792131,-0.02873042,-5.6551046,7.632715
1452802792133,-0.12928689,-6.325481,7.07726
1452802792155,0.02873042,-6.339846,6.421249
1452802792178,0.095768064,-6.5122285,5.985504
1452802792189,-0.12928689,-6.6175733,5.6551046
1452802792215,-0.110133275,-6.0238113,6.397307
1452802792236,0.0,-5.2385135,7.350199
1452802792258,0.17717093,-4.8937483,8.1881695
1452802792269,0.6799533,-5.023035,8.307879
1452802792290,0.92895025,-5.482722,9.155427
1452802792309,1.0869676,-5.841852,10.764331
1452802792332,1.6280571,-5.7748146,13.091495
1452802792356,2.3511062,-5.884948,14.820108
1452802792377,2.8203697,-5.4204726,14.834474
1452802792395,2.5474305,-5.161899,14.853627
1452802792410,2.030283,-4.721366,14.867992
1452802792429,1.8483237,-4.232949,15.078682
1452802792458,1.733402,-3.8642416,15.50485
1452802792470,1.1061212,-3.5529952,16.136919
1452802792491,0.47884035,-2.8299465,16.577452
1452802792519,0.6991069,-2.6144683,17.223886
1452802792530,1.0199299,-2.3798366,17.281347
1452802792555,1.3215994,-2.0398598,17.21431
1452802792577,1.5275006,-1.4508862,17.161638
1452802792589,1.8243817,-0.7086837,17.405846
1452802792610,1.7429788,-0.05746084,16.955736
1452802792629,1.9393034,0.58418524,16.716316
1452802792650,2.078167,0.79966336,16.419436
1452802792667,1.8962077,1.1492168,16.237476
1452802792690,1.8004397,1.508347,16.122555
1452802792716,1.3503298,2.2361844,16.01242
1452802792736,0.9816227,3.217807,15.71554
1452802792749,0.7661445,4.1802764,15.437813
1452802792775,0.30166942,4.7500963,15.5671
1452802792788,0.4213795,4.735731,16.510414
1452802792810,0.842759,4.1802764,17.650055
1452802792833,1.067814,3.4715924,17.48246
1452802792855,0.7326257,2.4851813,16.01721
1452802792869,0.7326257,1.1109096,15.887922
1452802792895,0.93852705,-0.12449849,16.529568
1452802792918,1.6136919,-1.70946,18.148048
1452802792930,2.0638018,-3.5290532,19.680338
1452802792949,2.0638018,-3.5290532,19.680338
1452802792970,1.7190368,-4.606444,20.657173
1452802792990,1.7190368,-4.606444,20.657173
1452802793012,-0.4357447,-3.8977604,20.599712
1452802793031,-0.4357447,-3.8977604,20.599712
1452802793050,-1.2401965,-4.745308,20.484789
1452802793072,-1.340753,-5.7508726,18.918982
1452802793093,-0.4309563,-6.469133,17.152061
1452802793111,0.10534488,-5.9998693,15.935806
1452802793129,0.10055647,-4.999093,14.882358
1452802793151,-0.023942016,-4.7309427,14.06354
1452802793174,-0.18195933,-4.5537715,13.306973
1452802793196,-0.22026655,-4.879383,12.588713
1452802793213,-0.35913026,-5.2720323,11.592725
1452802793230,-0.47884035,-5.2145715,9.835381
1452802793259,-0.40222588,-4.7309427,7.6231384
1452802793271,-0.30166942,-4.1611223,6.205771
1452802793291,0.41180268,-3.6248214,5.535394
1452802793330,0.89064306,-3.347094,5.305551
1452802793331,0.61291564,-3.1747115,5.109226
1452802793349,0.47405192,-2.858677,5.1140146
1452802793372,0.81402856,-2.542642,5.9184666
1452802793396,1.2066777,-2.1547816,5.7029886
1452802793410,1.5705963,-2.3127987,6.4164605
1452802793430,2.2266076,-2.4277205,7.216124
1452802793451,2.006341,-3.347094,8.580819
1452802793469,1.0342951,-3.347094,9.193734
1452802793507,1.0486604,-3.4524388,10.108319
1452802793509,2.1452048,-3.5673606,10.175357
1452802793540,2.3798366,-4.247314,10.606314
1452802793550,2.1691468,-4.343082,10.409989
1452802793570,2.006341,-4.3382936,10.486604
1452802793593,1.8866309,-4.2281604,10.625467
1452802793617,1.8770541,-4.2185836,11.592725
1452802793629,2.4708161,-3.466804,13.048399
1452802793652,3.643975,-2.432509,14.748282
1452802793669,3.8738184,-2.4516625,15.978902
1452802793690,3.7301662,-2.4468741,16.879122
1452802793709,3.4141316,-2.1883004,17.645266
1452802793731,2.4995465,-1.5466543,17.626112
1452802793754,1.8674773,-1.2162545,16.836027
1452802793776,1.7764976,-0.6943185,16.606182
1452802793790,1.6519991,-0.272939,16.266207
1452802793815,1.412579,-0.21068975,16.01721
1452802793839,1.0007763,-0.04309563,17.089811
1452802793850,1.0630256,0.22984336,16.989256
1452802793870,1.2306197,0.9959879,16.060305
1452802793891,0.9864111,2.4420857,14.709975
1452802793918,0.7565677,3.7972038,13.900735
1452802793930,1.2114661,4.5920787,13.464991
1452802793953,1.1252748,5.0278234,13.532028
1452802793976,0.9911995,3.9695864,13.201628
1452802793998,1.8291701,2.7006595,13.752295
1452802794012,2.2170308,1.2785037,16.43859
1452802794031,3.1842883,0.6560113,18.909405
1452802794054,2.3654714,1.2066777,19.31163
1452802794079,0.94331545,1.292869,19.306843
1452802794096,-0.7086837,0.641646,18.459295
1452802794115,-0.89543146,-1.8243817,16.950949
1452802794134,-0.80445176,-4.10845,16.697163
1452802794150,-1.4077905,-5.1571107,17.832014
1452802794174,-1.6184803,-5.3965306,19.124884
1452802794198,-0.23463176,-6.5218053,20.187908
1452802794219,1.5514427,-7.2065473,20.111294
1452802794236,2.4995465,-7.675811,20.106506
1452802794252,2.4420857,-8.192958,20.044256
1452802794271,2.5474305,-8.298303,20.072987
1452802794300,2.6527755,-8.336611,19.244593
1452802794313,1.7717092,-8.78672,18.579004
1452802794346,1.6519991,-9.030929,15.591042
1452802794352,1.7717092,-9.097966,14.690822
1452802794372,1.8579005,-8.6334915,15.150508
1452802794390,1.7860745,-7.273585,13.9151
1452802794419,2.2505496,-6.2009826,12.516887
1452802794430,2.2505496,-6.2009826,12.516887
1452802794452,0.9959879,-4.0222588,7.0485296
1452802794470,0.9959879,-4.0222588,7.0485296
1452802794492,1.8531121,-3.739743,8.461109
1452802794510,1.8531121,-3.739743,8.461109
1452802794533,0.8379706,-1.8195933,6.5696893
1452802794556,1.0055647,-0.8379706,4.4915223
1452802794577,0.2681506,0.2825158,3.122039
1452802794591,0.17717093,2.8778305,0.79966336
1452802794617,0.36391866,2.0829554,4.936844
1452802794630,-0.34476504,3.763685,6.3925185
1452802794652,0.7517793,3.0502129,4.9176903
1452802794675,1.283292,4.7500963,3.8977604
1452802794701,2.0159178,5.056554,4.3239284
1452802794711,0.6607997,5.497087,5.0517654
1452802794737,-1.1587936,5.602432,5.90889
1452802794750,-1.8291701,4.6351743,6.6654577
1452802794772,-1.4173675,5.0374002,6.469133
1452802794795,-0.46926352,5.8466406,6.26802
1452802794816,-0.0047884034,6.1866174,6.3589997
1452802794833,-0.2777274,6.6510925,6.6989765
1452802794852,-0.5554548,6.2488666,6.9958572
1452802794874,-0.641646,6.3925185,7.2448545
1452802794897,-0.076614454,6.5122285,7.043741
1452802794919,-0.1436521,6.459556,6.6989765
1452802794933,-0.41180268,6.2871737,6.83784
1452802794952,-0.61770403,6.0525417,6.5744777
1452802794975,-1.5753847,5.884948,6.9000893
1452802794999,-1.2545617,6.14831,7.2448545
1452802795014,-1.0103531,6.6846113,7.4268136
1452802795034,-3.1316159,5.5737014,7.350199
1452802795061,-2.2649148,5.592855,7.575254
1452802795080,-1.3072342,7.345411,8.394072
1452802795121,-1.6519991,6.9240313,8.058883
1452802795122,-2.801216,6.1626754,8.480263
1452802795146,-3.145981,5.1235914,6.2871737
1452802795163,-2.303222,5.9041014,7.6614456
